tweet_id,tweet_url,created_at,text,lang,source,source_url,views,views_state,replies,retweets,likes,quotes,bookmarks,conversation_id,possibly_sensitive,is_quote_status,in_reply_to_tweet_id,in_reply_to_user_id,in_reply_to_handle,quoted_tweet_id,author_id,author_handle,author_name,author_followers,author_following,author_verified,author_blue_verified,hashtags,mentions,urls,media_count,media_types,media_preview_urls,media_expanded_urls,video_urls
2018388900075716741,https://x.com/CapitanBitcoin/status/2018388900075716741,Mon Feb 02 18:19:48 +0000 2026,"üö® Solo asesorando a la aerol√≠nea chavista Plus Ultra, Zapatero se embols√≥ m√°s de medio mill√≥n; y ha multiplicado por 115 su patrimonio. Pero tiene la cara de decir que ser socialista es ""TENER MUY POCO y estar dispuesto a dar mucho"". ¬øTe parece normal?
https://t.co/Wgue7NcKJk",es,Twitter for Android,http://twitter.com/download/android,86567,EnabledWithCount,362,1965,4861,68,68,2018388900075716741,False,False,,,,,978932870,CapitanBitcoin,Capit√°n Bitcoin,562539,10662,False,True,,,,1,video,https://pbs.twimg.com/ext_tw_video_thumb/1955151787968647168/pu/img/Ob48Nw8OYHcvIGk-.jpg,https://x.com/Robustiano21/status/1955151798726987911/video/1,https://video.twimg.com/ext_tw_video/1955151787968647168/pu/vid/avc1/480x270/_ouIrQcT1-JDCKOk.mp4?tag=12
2018685916815245569,https://x.com/CoinvoTrading/status/2018685916815245569,Tue Feb 03 14:00:02 +0000 2026,"üö® BITCOIN HAS HIT A 15-YEAR TRENDLINE

The BTC/Gold RSI has hit the same trendline as in 2011, 2015, 2019, 2022 and now.

Every single time, it led to Bitcoin completely outperforming gold.

Most of you are waiting for a buying opportunity.

This right here is the biggest opportunity you have ever had.

Most people will miss this entirely.

Make sure you don‚Äôt.",en,Twitter Web Client,http://twitter.com,67825,EnabledWithCount,21,93,463,5,148,2018685916815245569,False,False,,,,,1495378871390199811,CoinvoTrading,Coinvo Trading,50563,67,False,True,,,,1,video,https://pbs.twimg.com/amplify_video_thumb/2018684427832803328/img/ohIS6KW66rH8LEvU.jpg,https://x.com/CoinvoTrading/status/2018685916815245569/video/1,https://video.twimg.com/amplify_video/2018684427832803328/vid/avc1/1908x1080/MSZRNXufLg0FVu6h.mp4?tag=21
2018436527588884621,https://x.com/rafaelando__/status/2018436527588884621,Mon Feb 02 21:29:03 +0000 2026,"EPSTEIN & BITCOIN, A THREAD  EM ORDEM CRONOL√ìGICA
Passei o final de semana analisando as evid√™ncias do Epstein no financiamento da Blockstream e envolvimento com os devs do Bitcoin. 
Antes de entrar nos e-mails, datas e documentos, vale alinhar o b√°sico sem fantasia nem paranoia: isso n√£o √© uma hist√≥ria sobre Jeffrey Epstein ter criado o Bitcoin ou mandado no c√≥digo, porque n√£o existe prova disso. 
Isso n√£o transforma o Bitcoin em um projeto ‚Äúcapturado‚Äù, mas desmonta a ideia infantil de que ele cresceu isolado do mundo real e principalmente desmonta o argumento emocionado de moralistas de twitter de que o Bitcoin √© um dinheiro MORAL, ou IMPERATIVO MORAL. 
O m√©rito do Bitcoin n√£o √© nunca ter sido tocado por isso, √© ter sobrevivido, apesar disso.
Vamos aos fatos:",pt,Twitter Web App,https://mobile.twitter.com,155173,EnabledWithCount,38,80,583,38,542,2018436527588884621,False,False,,,,,1427263843328200706,rafaelando__,Rafaela Ferrari Kley,6464,2731,False,True,,,,1,photo,https://pbs.twimg.com/media/HALtD3GXcAAfGR-.jpg,https://x.com/rafaelando__/status/2018436527588884621/photo/1,
2018626353080291731,https://x.com/BitcoinMagazine/status/2018626353080291731,Tue Feb 03 10:03:21 +0000 2026,"JUST IN: $15 billion Bitwise predicts Bitcoin will hit a new all-time high this year üöÄ

‚ÄúWe believe Bitcoin will hit $1,000,000‚Äù https://t.co/k4z9Yk8FEF",en,Twitter for iPhone,http://twitter.com/download/iphone,208785,EnabledWithCount,357,293,2273,38,134,2018626353080291731,False,False,,,,,361289499,BitcoinMagazine,Bitcoin Magazine,3926817,1201,False,True,,,,1,video,https://pbs.twimg.com/amplify_video_thumb/2018626277020721152/img/ncGzDMbs38OjHanH.jpg,https://x.com/BitcoinMagazine/status/2018626353080291731/video/1,https://video.twimg.com/amplify_video/2018626277020721152/vid/avc1/884x486/n0UwU4WER1rjiE14.mp4?tag=21
2018263272219394247,https://x.com/CapitanBitcoin/status/2018263272219394247,Mon Feb 02 10:00:36 +0000 2026,"üö® Jelly Roll alaba a Jes√∫s en su discurso en los Grammy. 

¬´S√© que van a intentar echarme, as√≠ que d√©jame intentar decirlo. Ante todo, Jes√∫s, te escucho y te escucho, Se√±or¬ª. https://t.co/xrJt2HUW7n",es,Twitter for Android,http://twitter.com/download/android,64131,EnabledWithCount,38,969,5788,12,123,2018263272219394247,False,False,,,,,978932870,CapitanBitcoin,Capit√°n Bitcoin,562539,10662,False,True,,,,1,video,https://pbs.twimg.com/amplify_video_thumb/2018150875659632640/img/so3JS9QeTRlkMoGr.jpg,https://x.com/usanewshq/status/2018150939006492953/video/1,https://video.twimg.com/amplify_video/2018150875659632640/vid/avc1/1478x830/Mx1HA9Ql1-M6xfqV.mp4?tag=21
2018683521993179385,https://x.com/CapitanBitcoin/status/2018683521993179385,Tue Feb 03 13:50:31 +0000 2026,"üö® As√≠ suena un canto del Salmo 50 en arameo... el idioma cotidiano de Jesucristo.
https://t.co/4rdGOFtgPT",es,Twitter Web App,https://mobile.twitter.com,217542,EnabledWithCount,132,3380,13773,59,2722,2018683521993179385,False,False,,,,,978932870,CapitanBitcoin,Capit√°n Bitcoin,562539,10662,False,True,,,,1,video,https://pbs.twimg.com/ext_tw_video_thumb/2009297838874791936/pu/img/E90gM52kTurynpQc.jpg,https://x.com/CapitanBitcoin/status/2009297901021708626/video/1,https://video.twimg.com/ext_tw_video/2009297838874791936/pu/vid/avc1/730x596/0IBLcn0_R98oHRmS.mp4?tag=19
2018640623545262367,https://x.com/CryptoTice_/status/2018640623545262367,Tue Feb 03 11:00:03 +0000 2026,"BITCOIN JUST COMPLETED A WYCKOFF ACCUMULATION SPRING.

That‚Äôs not an opinion.
That‚Äôs structure.

The spring already happened.
Stops flushed.
Weak hands removed.

Now comes the test and after that, the markup phase.
This is the high confidence part of the setup:
‚Äì Downside already proven false
‚Äì Supply absorbed
‚Äì Risk clearly defined

Wyckoff springs don‚Äôt signal tops.
They launch trends.

If you‚Äôre still bearish here, you‚Äôre not early.
You‚Äôre uninformed.

The upside phase doesn‚Äôt ask for consensus.
It just starts.",en,Twitter Web Client,http://twitter.com,85369,EnabledWithCount,165,195,1180,11,223,2018640623545262367,False,False,,,,,1109074582881910785,CryptoTice_,Crypto Tice,313699,143,False,True,,,,1,photo,https://pbs.twimg.com/media/HAOjBQqWEAAkSlY.jpg,https://x.com/CryptoTice_/status/2018640623545262367/photo/1,
2018438664909668718,https://x.com/JacobKinge/status/2018438664909668718,Mon Feb 02 21:37:33 +0000 2026,"The Epstein files reveal that Israel hijacked control of the Bitcoin network over a decade ago.

Israel was paying the salaries of 60% of Bitcoin‚Äôs core developers and offered highly elusive gifts behind the scenes. This is very suspicious. 

Epstein and Israel were also major investors in Blockstream, a company that works with Tether and exerts significant influence over Bitcoin. They can manipulate the price by issuing unbacked Tether, control the network‚Äôs code because they hired most of the developers, and own a majority of the nodes.

This suggests Israel likely has direct access to and influence over Bitcoin. The idea of ‚Äúdecentralization‚Äù is clearly illusory, and it is deeply concerning that the network could be manipulated by a single state operating behind the scenes.",en,Twitter for iPhone,http://twitter.com/download/iphone,1758612,EnabledWithCount,1028,7121,22724,777,7982,2018438664909668718,False,False,,,,,234638601,JacobKinge,Jacob King,532758,3957,False,True,,,,1,photo,https://pbs.twimg.com/media/HALvRKTWAAATo9C.jpg,https://x.com/JacobKinge/status/2018438664909668718/photo/1,
2018490117015437522,https://x.com/TrendingBitcoin/status/2018490117015437522,Tue Feb 03 01:02:00 +0000 2026,üá©üá™ GERMANY NOW OFFERS 0% CAPITAL GAINS TAX ON BITCOIN HELD FOR OVER 1 YEAR https://t.co/7zY5BNwrA4,en,Twitter Web App,https://mobile.twitter.com,63685,EnabledWithCount,145,120,1106,13,42,2018490117015437522,False,False,,,,,1919644382916956160,TrendingBitcoin,Trending Bitcoin,69489,0,False,True,,,,2,photo,"https://pbs.twimg.com/media/HALveg9WgAAh5vs.jpg,https://pbs.twimg.com/media/HALvf3zXsAAL0kg.jpg",https://x.com/TrendingBitcoin/status/2018490117015437522/photo/1,
2018682174279492081,https://x.com/CapitanBitcoin/status/2018682174279492081,Tue Feb 03 13:45:10 +0000 2026,üö® Armenia construye la estatua de Jesucristo m√°s grande del planeta Tierra: +100 metros de altura. https://t.co/hnxFiW4ySc,es,Twitter Web App,https://mobile.twitter.com,179757,EnabledWithCount,298,2446,16311,47,376,2018682174279492081,False,False,,,,,978932870,CapitanBitcoin,Capit√°n Bitcoin,562539,10662,False,True,,,,1,video,https://pbs.twimg.com/amplify_video_thumb/2018682095288397825/img/YG8Jf7RG7aS0a7bH.jpg,https://x.com/CapitanBitcoin/status/2018682174279492081/video/1,https://video.twimg.com/amplify_video/2018682095288397825/vid/avc1/720x1280/i4U7f9cN6Guymioh.mp4?tag=21
2018327110671122930,https://x.com/Bitcoin_Teddy/status/2018327110671122930,Mon Feb 02 14:14:16 +0000 2026,"Great clip on the Federal Reserve.

Show this to everyone you know. https://t.co/uTY2IESzPb",en,Twitter for iPhone,http://twitter.com/download/iphone,138164,EnabledWithCount,63,1020,2407,75,1497,2018327110671122930,False,False,,,,,1605310254085980161,Bitcoin_Teddy,Bitcoin Teddy,74444,15097,False,True,,,,1,video,https://pbs.twimg.com/amplify_video_thumb/2018327031885201408/img/STSwWjbmj_lRohTw.jpg,https://x.com/Bitcoin_Teddy/status/2018327110671122930/video/1,https://video.twimg.com/amplify_video/2018327031885201408/vid/avc1/1280x720/i6NV4q0qa1niAjKd.mp4?tag=21
2018402803840950342,https://x.com/borjabor5/status/2018402803840950342,Mon Feb 02 19:15:03 +0000 2026,"Yo: ""Hice una transferencia en Bitcoin a trav√©s de Tor para que Hacienda no me rastree""

Epstein: ""Sacrifico ni√±os y bebo su sangre para el Mossad"" ‚Üí enviado desde mi iPhone. https://t.co/mj2ugacfjE",es,Twitter for Android,http://twitter.com/download/android,21421900,EnabledWithCount,88,2358,45640,57,2061,2018402803840950342,False,False,,,,,1547982896152973315,borjabor5,Borjabor Matandrinenseüå≤,1035,1036,False,False,,,,2,photo,"https://pbs.twimg.com/media/HALOp2GWMAAwB28.jpg,https://pbs.twimg.com/media/HALOp0yWoAAphDq.jpg",https://x.com/borjabor5/status/2018402803840950342/photo/1,
2018366905183256850,https://x.com/MrBitcoinWhalee/status/2018366905183256850,Mon Feb 02 16:52:24 +0000 2026,"After holding for 15 years, a long-term Bitcoin whale just exited completely.

11,000 BTC unloaded in one move ‚Äî cashing out more than $850 million.

Let that sink in. https://t.co/YsyrFzaNGt",en,Twitter for Android,http://twitter.com/download/android,120126,EnabledWithCount,126,194,1709,20,164,2018366905183256850,False,False,,,,,1640428741766594595,MrBitcoinWhalee,Mr. Bitcoin Whale,564396,90,False,True,,,,1,photo,https://pbs.twimg.com/media/HAKuAB_XYAEjz6-.jpg,https://x.com/MrBitcoinWhalee/status/2018366905183256850/photo/1,
2018364141870952724,https://x.com/MMCrypto/status/2018364141870952724,Mon Feb 02 16:41:25 +0000 2026,10‚Äô000 likes and ill make a Video where I open my $100‚Äô000‚Äô000 Bitcoin Trade. https://t.co/J9VpQ0waMY,en,Twitter for iPhone,http://twitter.com/download/iphone,84560,EnabledWithCount,187,107,3642,3,28,2018364141870952724,False,False,,,,,904700529988820992,MMCrypto,MMCrypto,1779854,2804,False,True,,,,1,photo,https://pbs.twimg.com/media/HAKrfI0bMAASPnN.jpg,https://x.com/MMCrypto/status/2018364141870952724/photo/1,
2018292202640716252,https://x.com/DBATTAGLIAYtube/status/2018292202640716252,Mon Feb 02 11:55:33 +0000 2026,"Las 10 Anti - Verdades de Bitcoin que se han repetido c√≠clicamente desde 2009

1) No tiene valor intr√≠nseco (es humo/tulipanes)

- Mito: Como no puedes tocarlo y no es una empresa con flujo de caja, vale cero.
- La realidad: Confunden valor ""intr√≠nseco"" con valor ""industrial"". El valor de Bitcoin radica en su utilidad como la √∫nica red monetaria incensurable y segura del mundo. Su valor es su red y su seguridad monetaria.

2) Es solo para delincuentes y lavado de dinero.

- Mito: Solo los narcos y terroristas usan Bitcoin por el anonimato.
- La realidad: Bitcoin es un libro contable p√∫blico. Es la peor herramienta para cometer delitos porque deja un rastro eterno. La gran mayor√≠a del lavado de dinero global (m√°s del 90%) se sigue haciendo en D√≥lares Americanos y a trav√©s de grandes bancos regulados.

3) Es un Esquema Ponzi

- Mito: Necesitas que entre gente nueva para pagar a los viejos.
- La realidad: Un Ponzi requiere un operador central que prometa rendimientos falsos. Bitcoin no tiene operador central, no promete rendimientos y el precio lo determina la oferta y la demanda en un mercado libre. Es tan ""Ponzi"" como lo ser√≠a el mercado del oro o de las propiedades inmobiliarias.

4) Hierve los oc√©anos (Desastre ecol√≥gico)

- Mito: La miner√≠a consume demasiada energ√≠a y destruye el planeta.
- La realidad: Bitcoin consume mucha energ√≠a, s√≠, pero es agn√≥stico a la fuente. Tiende a buscar la energ√≠a m√°s barata, que suele ser la renovable sobrante (hidroel√©ctrica, e√≥lica) o gas de venteo que de otro modo se quemar√≠a. Adem√°s, asegura una red de valor de trillones de d√≥lares.

5) Los gobiernos lo van a prohibir

- Mito: Cuando sea muy grande, EE.UU. o la UE simplemente lo apagar√°n.
- La realidad: Pueden prohibir su acceso legal (on-ramps bancarios), pero no pueden apagar la red. Adem√°s, la teor√≠a de juegos sugiere que si un pa√≠s lo proh√≠be, otro lo adopta para atraer capital. (v√©ase como China lo prohibi√≥ y Estados Unidos lo esta adoptando)

6) Es demasiado vol√°til para ser moneda

- Mito: No puedes comprar pan con algo que sube y baja 10% en un d√≠a. Es cierto pero en situaciones extremas como una hiperinflaci√≥n te puede salvar)

- Si te quedas sin acceso al sistema bancario por sanciones, corralitos etc tambi√©n es extremadamente √∫til.

- Si tienes que huir de tu pa√≠s tambi√©n es la forma mas segura de llevarte tu patrimonio. (Estos tres √∫ltimos puntos los experimente de alguna forma en la vida real)

7) Es tecnolog√≠a vieja

- Mito: Saldr√° una ""mejor moneda"", m√°s r√°pida y con m√°s funciones que matar√° a Bitcoin. (XRP es mierda) 

La realidad: Bitcoin es el protocolo base (como TCP/IP), no una app (como MySpace). La seguridad y el efecto de red de Bitcoin son insuperables. Las ""mejoras"" (velocidad, contratos inteligentes) se construyen en capas superiores (como Lightning Network), sin sacrificar la seguridad de la capa base.

8) Est√° controlado por los mineros / las Ballenas

- El mito: Unos pocos mineros o due√±os controlan la red.
- La realidad: Los mineros solo ordenan transacciones, no cambian las reglas. Los nodos (usuarios) son los que validan las reglas. (Con el ultimo FUD del hombre de la isla van a tratar de confundirte diciendo que Core controla Bitcoin)

9) No est√° respaldado por nada.

- El mito: El d√≥lar est√° respaldado por el gobierno; Bitcoin por nada.
- La realidad: El d√≥lar est√° respaldado por deuda y la ""fe"" en el estado. Bitcoin est√° respaldado por matem√°ticas, criptograf√≠a y la mayor red de computaci√≥n del mundo. Es el activo m√°s duro que existe.

10) Es demasiado caro para m√≠.

- El mito: Necesito comprar una moneda completa para entrar.
- La realidad: Este es un problema de ""sesgo de unidad"". Bitcoin es divisible en 100 millones de satoshis. Puedes comprar 10, 50 o 100 d√≥lares de Bitcoin.

Bitcoin esta barato.",es,Twitter Web App,https://mobile.twitter.com,11801,EnabledWithCount,22,85,359,2,109,2018292202640716252,False,False,,,,,879134296350633984,DBATTAGLIAYtube,David Battaglia,125288,818,False,True,,,,1,photo,https://pbs.twimg.com/media/HAJp_-9XAAEt1ug.jpg,https://x.com/DBATTAGLIAYtube/status/2018292202640716252/photo/1,
2018655952778772574,https://x.com/On_Veera/status/2018655952778772574,Tue Feb 03 12:00:58 +0000 2026,"What does the #Bitcoin chart say? üëÄ
Put your technical analysis skills to the test!

1Ô∏è‚É£Chart $BTC as you see fit
2Ô∏è‚É£Drop a screenshot in the comments
3Ô∏è‚É£‚ô•Ô∏è, RT &amp; tag a friend

üèÜOne lucky analyst will be announced next Tuesday and will receive a VIP badge from our rewards hub. https://t.co/seaoJ22a0p",en,Twitter Web App,https://mobile.twitter.com,21347,EnabledWithCount,237,201,480,21,19,2018655952778772574,False,False,,,,,1523907625708318720,On_Veera,Veera,182985,39,False,True,Bitcoin,,,1,animated_gif,https://pbs.twimg.com/tweet_video_thumb/HAO04o_XEAAuUl3.jpg,https://x.com/On_Veera/status/2018655952778772574/photo/1,https://video.twimg.com/tweet_video/HAO04o_XEAAuUl3.mp4
2018680444384849921,https://x.com/DemetriusRO6/status/2018680444384849921,Tue Feb 03 13:38:17 +0000 2026,"They faked his death.

He is Alive.

Autopsy report is negative 

He is Satoshi.

We owns 75% of Bitcoin's codes .",en,Twitter for Android,http://twitter.com/download/android,1117651,EnabledWithCount,265,1810,24923,51,1128,2018680444384849921,,False,,,,,4551098177,DemetriusRO6,Demetrius Remmiegius üá∞üá™,46252,455,False,True,,,,,,,,
2019716950650233268,https://x.com/CryptoMichNL/status/2019716950650233268,Fri Feb 06 10:17:00 +0000 2026,"The weekly RSI on $BTC vs. Gold has hit 22. 

The lowest ever recorded.

If that isn't a sign to be accumulating #Bitcoin, then I don't know what is. https://t.co/Z8OLjKn3ZS",en,Twitter Web App,https://mobile.twitter.com,22990,EnabledWithCount,74,54,344,2,14,2019716950650233268,False,False,,,,,146008010,CryptoMichNL,Micha√´l van de Poppe,819408,1545,False,True,Bitcoin,,,1,photo,https://pbs.twimg.com/media/HAdkZT4WYAAkv6c.png,https://x.com/CryptoMichNL/status/2019716950650233268/photo/1,
2019346761480131022,https://x.com/CryptoMichNL/status/2019346761480131022,Thu Feb 05 09:46:00 +0000 2026,"I don't think volatility will come down coming period.

Unfortunately, #Bitcoin couldn't break through crucial levels on lower timeframes and continued to fall.

In that case, we're approaching the ATH of 2021, which should provide a stronger indication of buying pressure.

On top of that, there's the Iran-US meeting tomorrow, which I think will have a big impact as commodities are collapsing again.

Buy the dip. That's the right approach.",en,Twitter Web Client,http://twitter.com,47688,EnabledWithCount,116,54,382,2,14,2019346761480131022,False,False,,,,,146008010,CryptoMichNL,Micha√´l van de Poppe,819408,1545,False,True,Bitcoin,,,1,photo,https://pbs.twimg.com/media/HAYj3-yXoAA6Q0I.png,https://x.com/CryptoMichNL/status/2019346761480131022/photo/1,
2019462643338121446,https://x.com/CryptoGFishere/status/2019462643338121446,Thu Feb 05 17:26:28 +0000 2026,"I promised, if #Bitcoin dumps to $66,000.
We will give $10,000 $BTC to 5 people

So as promised I will be giving away
$10,000 to 5 person today.

Rules: like, retweet, follow me

‚Ä¢‚Å† ‚Å†If you‚Äôre not following, you will be disqualified.

Proof will be posted in 24 hours https://t.co/AoGpgm5MRW",en,Twitter Web App,https://mobile.twitter.com,306599,EnabledWithCount,1075,2262,2972,30,109,2019462643338121446,False,False,,,,,1786826791660683264,CryptoGFishere,Crypto Godfather,122811,8,False,True,Bitcoin,,,1,photo,https://pbs.twimg.com/media/HAaScGoWwAEdb9w.jpg,https://x.com/CryptoGFishere/status/2019462643338121446/photo/1,
2019399645278138421,https://x.com/smalls2672/status/2019399645278138421,Thu Feb 05 13:16:08 +0000 2026,"Apparently, Jeffrey Epstein was collaborating with Bitcoin developer, biohacker and transhumanist Bryan Bishop to create 'the first live birth of a human ""designer baby"" and human cloning within five years, and was conducting initial experiments in Ukraine.

#EpsteinFiles https://t.co/Bd5di35rP3",en,Twitter for Android,http://twitter.com/download/android,270414,EnabledWithCount,70,1080,2896,80,917,2019399645278138421,False,False,,,,,1534593079038070785,smalls2672,Boston Smalls,131208,6956,False,True,EpsteinFiles,,,2,photo,"https://pbs.twimg.com/media/HAZY872XwAAK38J.jpg,https://pbs.twimg.com/media/HAZY86XW4AEjELG.jpg",https://x.com/smalls2672/status/2019399645278138421/photo/1,
2019517134506971362,https://x.com/TrendingBitcoin/status/2019517134506971362,Thu Feb 05 21:03:00 +0000 2026,"WHEN 1 BITCOIN IS $1M, YOU WON'T CARE IF YOU BOUGHT AT 65K OR 126K üöÄ https://t.co/jkzeLhOXCa",en,Twitter Web App,https://mobile.twitter.com,26619,EnabledWithCount,96,114,828,7,36,2019517134506971362,False,False,,,,,1919644382916956160,TrendingBitcoin,Trending Bitcoin,69492,0,False,True,,,,1,photo,https://pbs.twimg.com/media/HAa4OR_XIAEo-Hx.jpg,https://x.com/TrendingBitcoin/status/2019517134506971362/photo/1,
2019431697616670788,https://x.com/Nebraskangooner/status/2019431697616670788,Thu Feb 05 15:23:30 +0000 2026,"#Bitcoin BELOW 99SMMA ON WEEKLY TIMEFRAME FOR THE FIRST TIME SINCE SEPTEMBER 2023!!

BEARS ARE IN FULL CONTROL ü©∏ https://t.co/w9hSClmFy2",en,Twitter Web App,https://mobile.twitter.com,32366,EnabledWithCount,39,32,451,0,17,2019431697616670788,False,False,,,,,3696215239,Nebraskangooner,Nebraskangooner,406441,79,False,True,Bitcoin,,,1,photo,https://pbs.twimg.com/media/HAZ2TElXUAAnq6r.jpg,https://x.com/Nebraskangooner/status/2019431697616670788/photo/1,
2019397066343272516,https://x.com/sungleeiq/status/2019397066343272516,Thu Feb 05 13:05:53 +0000 2026,"Just opened a $500K $BTC short.

Liquidation is $75,000

If it hits my target I make $5M.

Sorry #BITCOIN fans, but it‚Äôs over üòé https://t.co/p4NY9meUh4",en,Twitter Web App,https://mobile.twitter.com,1071011,EnabledWithCount,661,280,1847,43,248,2019397066343272516,False,False,,,,,1507411593927307267,sungleeiq,"SungHoon Lee, IQ 276",29059,83,False,True,BITCOIN,,,1,photo,https://pbs.twimg.com/media/HAZWz3nWIAAMz8B.jpg,https://x.com/sungleeiq/status/2019397066343272516/photo/1,
2019464245331529729,https://x.com/RealJakeBroe/status/2019464245331529729,Thu Feb 05 17:32:50 +0000 2026,"The average cost to mine a single Bitcoin is now over $90,000.  The price of Bitcoin has collapsed to $67,000.  Everyone mining Bitcoin at the moment is losing a fortune. https://t.co/oERwZCaPso",en,Twitter Web App,https://mobile.twitter.com,6194834,EnabledWithCount,1985,3515,38463,572,3005,2019464245331529729,False,False,,,,,1670119979910590466,RealJakeBroe,Jake Broe,79221,530,False,True,,,,2,"video,photo","https://pbs.twimg.com/amplify_video_thumb/2019464147474477059/img/CXALoyICnZJqQ1V1.jpg,https://pbs.twimg.com/media/HAaT8uWaoAAguqU.jpg",https://x.com/RealJakeBroe/status/2019464245331529729/video/1,https://video.twimg.com/amplify_video/2019464147474477059/vid/avc1/720x1280/JaYj4eDawCVEt_bC.mp4?tag=21
2019646998471930128,https://x.com/marcfriedrich/status/2019646998471930128,Fri Feb 06 05:39:02 +0000 2026,Time to buy bitcoin https://t.co/KjT7M01g6c,en,Twitter for iPhone,http://twitter.com/download/iphone,31330,EnabledWithCount,90,60,1334,5,22,2019646998471930128,False,False,,,,,1027290944524247045,marcfriedrich,marc friedrich,199005,661,False,True,,,,1,photo,https://pbs.twimg.com/media/HAc6PaZXsAANBDN.jpg,https://x.com/marcfriedrich/status/2019646998471930128/photo/1,
2019714937384300763,https://x.com/BitcoinSapiens/status/2019714937384300763,Fri Feb 06 10:09:00 +0000 2026,"""I finally acquired 1 whole bitcoin at 28 years old."" üß° https://t.co/3u6cX5q2VA",en,Twitter Web App,https://mobile.twitter.com,379869,EnabledWithCount,167,81,5873,10,119,2019714937384300763,False,False,,,,,1333823429041074181,BitcoinSapiens,BitcoinSapiens ‚ö°Ô∏è,71856,992,False,True,,,,1,photo,https://pbs.twimg.com/media/HAZli2eW0AAuUTF.jpg,https://x.com/BitcoinSapiens/status/2019714937384300763/photo/1,
2019593380985204957,https://x.com/BitcoinNewsCom/status/2019593380985204957,Fri Feb 06 02:05:58 +0000 2026,"Bounced off $60,001 like a trampoline. https://t.co/Sc9Hr7CHGJ",en,Twitter Web App,https://mobile.twitter.com,1217265,EnabledWithCount,226,330,4098,43,160,2019593380985204957,False,False,,,,,3005014565,BitcoinNewsCom,Bitcoin News,258090,633,False,True,,,,1,photo,https://pbs.twimg.com/media/HAcJWYiXMAAZI3R.jpg,https://x.com/BitcoinNewsCom/status/2019593380985204957/photo/1,
2019506502218969439,https://x.com/Borg_Cryptos/status/2019506502218969439,Thu Feb 05 20:20:45 +0000 2026,"üö® HOLY SHIT üö®

SATOSHI ERA WHALE JUST SOLD ALL HIS BITCOIN AFTER 15 YEARS OF HODLING.

HE DUMPED 11,000 $BTC WORTH OVER $850 BILLION. https://t.co/zOBrmvfXxe",en,Twitter for Android,http://twitter.com/download/android,628304,EnabledWithCount,203,291,2993,33,378,2019506502218969439,False,False,,,,,1722330307892744192,Borg_Cryptos,Borg,114483,210,False,True,,,,1,photo,https://pbs.twimg.com/media/HAa6dfhXQAAHY_t.jpg,https://x.com/Borg_Cryptos/status/2019506502218969439/photo/1,
2019380602328477903,https://x.com/Eyaaaad/status/2019380602328477903,Thu Feb 05 12:00:28 +0000 2026,"ÿπŸÖŸÑÿ© Bitcoin...

ŸÇÿ®ŸÑ 4 ÿ£ÿ¥Ÿáÿ±: 126,000$
ŸÇÿ®ŸÑ ŸÇŸÑŸäŸÑ: 69,899$ https://t.co/ahTOfvjkKi",ar,Twitter Web App,https://mobile.twitter.com,373064,EnabledWithCount,225,58,864,22,168,2019380602328477903,False,False,,,,,252992709,Eyaaaad,ÿ•ŸäÿßÿØ ÿßŸÑÿ≠ŸÖŸàÿØ,4468755,820,False,True,,,,1,photo,https://pbs.twimg.com/media/HAZHFSQXcAA8wuR.jpg,https://x.com/Eyaaaad/status/2019380602328477903/photo/1,
2019637175420350936,https://x.com/fiatarchive/status/2019637175420350936,Fri Feb 06 05:00:00 +0000 2026,"""Nobody uses Bitcoin"" https://t.co/eWeQoripeW",en,Twitter Web App,https://mobile.twitter.com,81825,EnabledWithCount,127,253,2455,14,155,2019637175420350936,False,False,,,,,1777279516592984064,fiatarchive,Fiat Archive,16960,253,False,True,,,,1,photo,https://pbs.twimg.com/media/G_iZcycXIAAxl6h.jpg,https://x.com/fiatarchive/status/2019637175420350936/photo/1,
2019306747589189957,https://x.com/Bitcoin_Teddy/status/2019306747589189957,Thu Feb 05 07:07:00 +0000 2026,"üá∫üá∏ PRESIDENT OF THE USA SAID THE TRADITIONAL FINANCIAL SYSTEM IS BROKEN AND CRYPTO WILL FIX IT

WHAT A TIME TO BE ALIVE https://t.co/nsljZLvaXr",en,Twitter Web App,https://mobile.twitter.com,38297,EnabledWithCount,81,52,451,3,26,2019306747589189957,False,False,,,,,1605310254085980161,Bitcoin_Teddy,Bitcoin Teddy,74459,15096,False,True,,,,1,video,https://pbs.twimg.com/amplify_video_thumb/2019145856432148480/img/_z6SL8byWoDW_kmS.jpg,https://x.com/Bitcoin_Teddy/status/2019306747589189957/video/1,https://video.twimg.com/amplify_video/2019145856432148480/vid/avc1/884x476/lLBVVurp7FJ9bQMc.mp4?tag=21
2019520240946934138,https://x.com/abazwhyllzz/status/2019520240946934138,Thu Feb 05 21:15:20 +0000 2026,"Wetin do am?

He buy bitcoin when e dey $150k https://t.co/66nZIqi094",en,Twitter for iPhone,http://twitter.com/download/iphone,186576,EnabledWithCount,288,87,1043,52,11,2019520240946934138,False,False,,,,,1486409484297773063,abazwhyllzz,ùî∏bùïíùï´ùï´,365060,4265,False,True,,,,1,photo,https://pbs.twimg.com/media/HAbG9HdWAAAPoFl.jpg,https://x.com/abazwhyllzz/status/2019520240946934138/photo/1,
2017774000735416792,https://x.com/MasonVersluis/status/2017774000735416792,Sun Feb 01 01:36:24 +0000 2026,"Epstein created Bitcoin theories are floating around, and I can‚Äôt help but think of this clip from Dan Pena‚Ä¶ ü§î https://t.co/BeFSVIRn23",en,Twitter for iPhone,http://twitter.com/download/iphone,1514926,EnabledWithCount,777,4084,20636,365,7242,2017774000735416792,False,False,,,,,1039692343794970624,MasonVersluis,MASON VERSLUIS,250426,8414,False,True,,,,1,video,https://pbs.twimg.com/amplify_video_thumb/2017773943978135553/img/LV4IUk4qtrfmHiU3.jpg,https://x.com/MasonVersluis/status/2017774000735416792/video/1,https://video.twimg.com/amplify_video/2017773943978135553/vid/avc1/576x1024/JQYS51oOFGf3YVZ6.mp4?tag=21
2017916274009870434,https://x.com/BTC_for_Freedom/status/2017916274009870434,Sun Feb 01 11:01:45 +0000 2026,Wow! Epstein explaining how money works: https://t.co/dyriXme5oj,en,Twitter for iPhone,http://twitter.com/download/iphone,1074912,EnabledWithCount,303,2016,12666,155,8203,2017916274009870434,False,False,,,,,1390199742114770947,BTC_for_Freedom,Bitcoin for Freedom,123188,791,False,True,,,,1,video,https://pbs.twimg.com/amplify_video_thumb/2017854687349805056/img/4dzTX7thk1RCXtdr.jpg,https://x.com/VigilantFox/status/2017856544394645861/video/1,https://video.twimg.com/amplify_video/2017854687349805056/vid/avc1/1080x1080/lHCsUxszHUEID6S0.mp4?tag=21
2018160077769789584,https://x.com/Acquired_Savant/status/2018160077769789584,Mon Feb 02 03:10:32 +0000 2026,"At the time this letter was written, there were around 12,000 commits to Bitcoin's code. Today there are 47,583 commits to Bitcoin's code. That means that 74.79% of the Bitcoin core development and code was committed after Jeffery Epstein took over the defacto senior management role as benefactor. He may not have been 'Satoshi', but he was absolutely running the executive direction of Bitcoin on behalf of Mossad.

What are the odds that there are backdoors built into Bitcoin's code at this point? Porbably about 100%. 

P.S. Ever wonder how the Bitcoin ransome for the 2021 Continental Pipeline hack was 'Recovered' by the FBI? 

I didn't.",en,Twitter Web App,https://mobile.twitter.com,4469671,EnabledWithCount,938,2378,10207,561,4845,2018160077769789584,False,False,,,,,1953137223550791680,Acquired_Savant,Patrick L Riley,9189,187,False,True,,,,1,photo,https://pbs.twimg.com/media/HAHwDjbWQAAR9xh.jpg,https://x.com/Acquired_Savant/status/2018160077769789584/photo/1,
2017827181255397716,https://x.com/cryptorover/status/2017827181255397716,Sun Feb 01 05:07:44 +0000 2026,HUGE: üá∫üá∏ US White House says Gold reserves might be used to purchase Bitcoin. https://t.co/7Sykmv6ysS,en,Twitter for iPhone,http://twitter.com/download/iphone,389484,EnabledWithCount,444,434,4020,73,142,2017827181255397716,False,False,,,,,1353384573435056128,cryptorover,Crypto Rover,1537467,546,False,True,,,,2,photo,"https://pbs.twimg.com/media/HADDH3BbEAACXww.jpg,https://pbs.twimg.com/media/HADDH3Ca4AE0cUf.jpg",https://x.com/cryptorover/status/2017827181255397716/photo/1,
2017754964798374159,https://x.com/Tekeee/status/2017754964798374159,Sun Feb 01 00:20:46 +0000 2026,If Satoshi Nakamoto sells one bitcoin we are going to 0. https://t.co/CwmoHl5aGI,en,Twitter for iPhone,http://twitter.com/download/iphone,614200,EnabledWithCount,260,208,3781,28,336,2017754964798374159,False,False,,,,,1496256880015990789,Tekeee,Tekee,101571,32249,False,True,,,,1,photo,https://pbs.twimg.com/media/HACBcjAXcAIy2VV.jpg,https://x.com/Tekeee/status/2017754964798374159/photo/1,
2017964745450491923,https://x.com/TrendingBitcoin/status/2017964745450491923,Sun Feb 01 14:14:21 +0000 2026,"üá∫üá∏ NASDAQ ANNOUNCED THEY REMOVED ALL LIMITS ON BITCOIN ETFs

BUCKLE UP üöÄ https://t.co/237DNGFCcI",en,Twitter for iPhone,http://twitter.com/download/iphone,334105,EnabledWithCount,157,444,3773,24,161,2017964745450491923,False,False,,,,,1919644382916956160,TrendingBitcoin,Trending Bitcoin,69489,0,False,True,,,,2,photo,"https://pbs.twimg.com/media/HAFAPIzW4AAFK0r.jpg,https://pbs.twimg.com/media/HAFAPIaXgAAXfka.jpg",https://x.com/TrendingBitcoin/status/2017964745450491923/photo/1,
2017779811503026231,https://x.com/BitcoinJunkies/status/2017779811503026231,Sun Feb 01 01:59:30 +0000 2026,Elon Musk says X will become half of the global financial system. https://t.co/s52AB6AWAf,en,Twitter for iPhone,http://twitter.com/download/iphone,27971,EnabledWithCount,17,14,125,0,4,2017779811503026231,False,False,,,,,1940935795759849472,BitcoinJunkies,Bitcoin Junkies,47671,35,False,True,,,,1,video,https://pbs.twimg.com/amplify_video_thumb/2017779753105711104/img/NSonSeFjt4YgoHvU.jpg,https://x.com/BitcoinJunkies/status/2017779811503026231/video/1,https://video.twimg.com/amplify_video/2017779753105711104/vid/avc1/1240x700/J2c3wUWd8Rfgs_Bm.mp4?tag=21
2018003746106585511,https://x.com/alifarhat79/status/2018003746106585511,Sun Feb 01 16:49:20 +0000 2026,"Me after recommending Bitcoin to my family at $126,000 https://t.co/sr8wNwnxHk",en,Twitter for iPhone,http://twitter.com/download/iphone,979290,EnabledWithCount,357,1152,19534,142,832,2018003746106585511,False,False,,,,,105852422,alifarhat79,Not Jerome Powell,753139,642,False,True,,,,1,video,https://pbs.twimg.com/amplify_video_thumb/2009655063082344448/img/GmXUqJDJxkWZIHbn.jpg,https://x.com/alifarhat79/status/2009655116706546174/video/1,https://video.twimg.com/amplify_video/2009655063082344448/vid/avc1/640x350/v9ZEknx4NqI8hoe5.mp4?tag=21
2018225499768832090,https://x.com/thescalpingpro/status/2018225499768832090,Mon Feb 02 07:30:30 +0000 2026,#Bitcoin - Weekly RSI is about to hit the same level as the bear market lows - RSI 30 https://t.co/GfWLytmGaB,en,Twitter Web App,https://mobile.twitter.com,22178,EnabledWithCount,26,69,417,1,48,2018225499768832090,False,False,,,,,1083619608433704962,thescalpingpro,Mags,110184,692,False,True,Bitcoin,,,1,photo,https://pbs.twimg.com/media/HAIqW_4acAABHOF.png,https://x.com/thescalpingpro/status/2018225499768832090/photo/1,
2017847138823393292,https://x.com/nicrypto/status/2017847138823393292,Sun Feb 01 06:27:02 +0000 2026,Why is Bitcoin trading like it was mentioned in the Epstein files?,en,Twitter Web App,https://mobile.twitter.com,168478,EnabledWithCount,152,97,2219,19,44,2017847138823393292,,False,,,,,586325060,nicrypto,Nic,42171,247,False,True,,,,,,,,
2017828553254166851,https://x.com/david_eng_mba/status/2017828553254166851,Sun Feb 01 05:13:11 +0000 2026,"Why Math Says This Is the Largest Pricing Error in Bitcoin History (‚âà105% Implied 12-Month CAGR)

Bitcoin is trading at a ‚àí35.5% deviation below its 15-year power-law trend. That is not an opinion; it is a statistical displacement the market is currently ignoring.

Power-law fair value today: $122,425
Spot price: ~$79K
That places Bitcoin firmly in the historical ‚Äúoversold‚Äù regime (Z-score: ‚àí0.63).

At this depth, price doesn‚Äôt just ""drift"" back to trend.

It snaps.

I back tested every comparable oversold event since 2010.
Results over the following 12 months:

Win rate: 100%
Average return: +100%+

Sentiment was irrelevant every time. The Ornstein-Uhlenbeck (OU) mean reversion process was not.

This deviation has a measurable Half-Life: 133 days.
In simple terms: The market historically corrects 50% of its pricing error every 4.4 months, 100% in ~9 months.

The $43,457 gap is a compressed spring. As it relaxes, the ""snap-back"" velocity dictates the path:

June 2026: $113K
October 2026: $145K
January 2027: $162K

Model fit: R^2 = 0.96 (Solid)
18-month predictive correlation: 0.55
(55% of the price movement 18 months from now is statistically explained solely by the Z-score (deviation).

We are at the extreme left tail of the distribution. This is where expected value concentrates. Math supports an aggressive ~0.6x Half-Kelly allocation.

The market is offering a significant discount. 

Closing the Gap

Today
Bitcoin is ~$43.5k below its power-law trend value, a ‚àí35.5% deviation. This is the extreme left tail. Historically, this is where forward returns concentrate because the error is too large to persist.

Oct 2026
The gap compresses to ~$11k (‚àí6.8%).
That implies roughly 75% of the anomaly has already reverted. At this point, the trade is no longer ‚Äúdeep value‚Äù it‚Äôs transitioning into normalization.

Implied fair value ‚âà $155k
Implied Bitcoin price ‚âà $145k

Jan 2027
The gap shrinks to ~$7k (‚àí4%).

Implied fair value ‚âà $168k
Implied Bitcoin price ‚âà $162k

CAGR ~105% (Next 12 Months)

Why This Analysis Is Robust:

The Power Law captures Bitcoin's diminishing returns and logarithmic adoption curve (R¬≤ = 0.96).

It‚Äôs Mean-Reverting: The OU Process proves that price is tethered to value. The further it stretches (Z-score), the stronger the force pulling it back.

It‚Äôs Statistically Significant: The 18-month predictive correlation is 0.55. This means 55% of Bitcoin's future price action is explained solely by today's deviation. That is an incredibly high signal-to-noise ratio for any asset class.",en,Twitter Web App,https://mobile.twitter.com,355108,EnabledWithCount,245,494,2696,63,1837,2017828553254166851,False,False,,,,,2155321614,david_eng_mba,David üá∫üá∏,20543,2199,False,True,,,,1,photo,https://pbs.twimg.com/media/HADDGWJasAAYBRl.jpg,https://x.com/david_eng_mba/status/2017828553254166851/photo/1,
2017988112912146647,https://x.com/BitcoinJunkies/status/2017988112912146647,Sun Feb 01 15:47:13 +0000 2026,The only major tech billionaire that was not in the Epstein files. https://t.co/6lp4MrWjEH,en,Twitter for iPhone,http://twitter.com/download/iphone,17137,EnabledWithCount,47,36,249,3,13,2017988112912146647,False,False,,,,,1940935795759849472,BitcoinJunkies,Bitcoin Junkies,47671,35,False,True,,,,1,photo,https://pbs.twimg.com/media/HAFVfm1W8AAtZFT.jpg,https://x.com/BitcoinJunkies/status/2017988112912146647/photo/1,
2017833377781715414,https://x.com/stevensarmi_/status/2017833377781715414,Sun Feb 01 05:32:21 +0000 2026,"&gt;the entire system is a psyop by cia 
&gt;bitcoin ‚Äúfounders‚Äù in Epstein emails
&gt;clawdbot leading to skynet timeline
&gt;aliens are real and live in the oceans
&gt;worlds ending in 2040s
&gt;I still have to pay taxes https://t.co/2nD9ZiJKzZ",en,Twitter for iPhone,http://twitter.com/download/iphone,909452,EnabledWithCount,234,1812,23611,89,4289,2017833377781715414,False,False,,,,,97487492,stevensarmi_,Steven („Å£‚ô°‚ó°‚ô°)„Å£,3109,1490,False,True,,,,1,video,https://pbs.twimg.com/amplify_video_thumb/2017833325428412419/img/OY2yHOrLeEay8I38.jpg,https://x.com/stevensarmi_/status/2017833377781715414/video/1,https://video.twimg.com/amplify_video/2017833325428412419/vid/avc1/1080x1080/Dpi_cnTj6xhwfzfx.mp4?tag=21
2017935414577738136,https://x.com/DBATTAGLIAYtube/status/2017935414577738136,Sun Feb 01 12:17:48 +0000 2026,"Las 10 verdades absolutas e inamovibles de Bitcoin.

1) Escasez Absoluta (21 Millones): Nunca habr√° m√°s de 21.000.000 de bitcoins. La pol√≠tica monetaria es fija, predecible y no inflable; no depende de la decisi√≥n de un banco central, sino de un algoritmo inalterable.

2) Inmutabilidad del Historial: Una vez que una transacci√≥n tiene suficientes confirmaciones, es matem√°ticamente imposible de revertir o modificar.

3) Resistencia a la Censura: Bitcoin es neutral. A nivel de protocolo, no distingue entre usuarios ""buenos"" o ""malos"", ni entre transacciones legales o ilegales. Si pagas la tarifa (fee) y firmas correctamente, la transacci√≥n se procesa.

4) Descentralizaci√≥n (Sin punto √∫nico de falla): No hay oficinas, ni CEO, ni servidor central que se pueda apagar. Bitcoin vive en miles de nodos distribuidos globalmente; para matar a Bitcoin, tendr√≠as que apagar internet en todo el mundo simult√°neamente.

5) Verificabilidad (""Don't Trust, Verify""): Cualquier persona, en cualquier lugar, puede descargar la blockchain completa y auditar el suministro y las transacciones desde el Bloque G√©nesis. No se requiere fe en terceros.

6) ‚ÄãEl Ajuste de Dificultad: Cada 2016 bloques (aprox. 2 semanas), la red se recalibra para asegurar que los bloques se minen cada 10 minutos, independientemente de cu√°nto poder de c√≥mputo entre o salga de la red.

7) ‚ÄãPrueba de Trabajo (PoW): La seguridad de Bitcoin est√° anclada al mundo f√≠sico a trav√©s de la energ√≠a. Para reescribir la historia o atacar la red, se requiere un gasto energ√©tico real y masivo, lo que hace que los ataques sean econ√≥micamente inviables.

8) Soberan√≠a (Not your keys, not your coins): La propiedad en Bitcoin es absoluta pero requiere responsabilidad. Si tienes tus claves privadas, nadie puede confiscar tus fondos.

9) ‚ÄãC√≥digo Abierto: El software es p√∫blico. Cualquiera puede revisar el c√≥digo, proponer mejoras (BIPs) o hacer una copia (fork), pero nadie puede imponer cambios en la red principal sin el consenso de la mayor√≠a de los nodos.

10) ‚ÄãPortabilidad y Divisibilidad: Bitcoin es informaci√≥n. Puedes transportar miles de millones de d√≥lares en valor cruzando cualquier frontera simplemente memorizando 12 palabras, y cada unidad es divisible hasta 8 decimales (Sats)

Lo mas importante sobre Satoshi üëá

La inmunidad del protocolo frente a sus fundadores y la independencia de la red frente al precio.

Poder Econ√≥mico vs. Poder Pol√≠tico.

‚ÄãSi Satoshi apareciera hoy y moviera sus monedas, tendr√≠a un poder econ√≥mico devastador, pero cero poder pol√≠tico sobre el protocolo.
‚ÄãLo que S√ç podr√≠a hacer: Vender 1 mill√≥n de BTC. Esto provocar√≠a un p√°nico masivo en los mercados, el precio se desplomar√≠a y destruir√≠a la confianza de muchos especuladores a corto plazo.

‚ÄãLo que NO podr√≠a hacer: No podr√≠a cambiar el c√≥digo. No podr√≠a aumentar el l√≠mite de 21 millones. No podr√≠a revertir transacciones de otros. No podr√≠a censurar a nadie.

La Muerte del Autor  ‚ö∞Ô∏è

‚ÄãEl c√≥digo es abierto. Ya no importa qui√©n lo escribi√≥, ni si era una persona, un grupo, la CIA o una IA. Lo √∫nico que importa es que el c√≥digo funciona y es auditable. Bitcoin ya no es ""el proyecto de Satoshi"", es un organismo aut√≥nomo que vive en internet. La desaparici√≥n de Satoshi fue su √∫ltimo y m√°s grande regalo: elimin√≥ el ""punto √∫nico de fallo"" humano. No hay a qui√©n presionar, a qui√©n arrestar o a qui√©n idolatrar para pedir cambios.

Ir√≥nicamente, si Satoshi vendiera todo, a largo plazo ser√≠a alcista (bullish) para Bitcoin.
‚Äã¬øPor qu√©? Porque eliminar√≠a la √∫ltima gran incertidumbre del mercado: ""¬øQu√© pasar√° con el mill√≥n de monedas de Satoshi?"".
Si √©l vende, esas monedas pasan de unas manos ""est√°ticas"" a millones de manos nuevas en el mercado. Se descentralizar√≠a la posesi√≥n de ese 5% del suministro total. Bitcoin sobrevivir√≠a al crash de precio, la red seguir√≠a produciendo bloques cada 10 minutos, y la amenaza fantasma desaparecer√≠a para siempre.

Bitcoin esta barato.",es,Twitter for Android,http://twitter.com/download/android,32479,EnabledWithCount,46,160,658,8,259,2017935414577738136,False,False,,,,,879134296350633984,DBATTAGLIAYtube,David Battaglia,125288,818,False,True,,,,1,photo,https://pbs.twimg.com/media/HAElkH5WAAAAAl4.jpg,https://x.com/DBATTAGLIAYtube/status/2017935414577738136/photo/1,
2017831112131977564,https://x.com/GMONEYPEPE/status/2017831112131977564,Sun Feb 01 05:23:21 +0000 2026,For all the Qtards out there posting the old Dan Pena Bitcoin going to zero video or think Epstein is Satoshi. He thought it was Putin üòÜüòÜüòÜ morans kek https://t.co/51yU4POLpA,en,Twitter for iPhone,http://twitter.com/download/iphone,47540,EnabledWithCount,120,61,413,22,187,2017831112131977564,False,False,,,,,1647114184805744642,GMONEYPEPE,GMONEY üê∏ ‚Çøitcoin is Digital 1776,16906,1462,False,True,,,,1,video,https://pbs.twimg.com/amplify_video_thumb/2017829475103477763/img/7bM6HY9b4g3Ee97X.jpg,https://x.com/GG315153/status/2017829598839619710/video/1,https://video.twimg.com/amplify_video/2017829475103477763/vid/avc1/750x1292/Mr1JBVGXnWnWsLKG.mp4?tag=21
2018088518770409623,https://x.com/FinPlanKaluAja1/status/2018088518770409623,Sun Feb 01 22:26:11 +0000 2026,"I will borrow at 45%, invest in Bitcoin, make 1,125% and retire

 https://t.co/0N8Da66fuP",en,Twitter for iPhone,http://twitter.com/download/iphone,53124,EnabledWithCount,49,139,576,18,119,2018088518770409623,False,False,,,,,1160599200284860416,FinPlanKaluAja1,Kalu Aja,343173,1452,False,True,,,,1,video,https://pbs.twimg.com/amplify_video_thumb/2018059949461434368/img/x6pyXxwiroJPLSor.jpg,https://x.com/Am_Blujay/status/2018060001814725100/video/1,https://video.twimg.com/amplify_video/2018059949461434368/vid/avc1/576x1024/1znLvYdoefe0UU2a.mp4?tag=21
2017885885594038408,https://x.com/coinspace_/status/2017885885594038408,Sun Feb 01 09:01:00 +0000 2026,"‰∏ãËêΩ„Åó„Åü #Bitcoin „ÅØ„ÇØ„Ç∏„É©„ÅÆÈ§å„Å®„Å™„Çä„Åæ„Åô„ÄÇ
ÁßÅ„ÅØ„Ç¨„ÉÅ„Éõ„ÇíÁ∂ôÁ∂ö„Åó„Åæ„Åôüíé
https://t.co/1Xzc7BEK5u",ja,Twitter Web App,https://mobile.twitter.com,38237,EnabledWithCount,37,42,780,10,8,2017885885594038408,False,False,,,,,1336617462138241024,coinspace_,Mr.‚Çøitcoin,150599,250,False,True,Bitcoin,,,1,animated_gif,https://pbs.twimg.com/tweet_video_thumb/F1L7DTnaMAA_oe5.jpg,https://x.com/BTC_Culture/status/1680681670192816128/photo/1,https://video.twimg.com/tweet_video/F1L7DTnaMAA_oe5.mp4
2017756951002661180,https://x.com/TrendingBitcoin/status/2017756951002661180,Sun Feb 01 00:28:39 +0000 2026,"üá∫üá∏ Eric Trump said he is a 'Bitcoin Maxi' and predicts Bitcoin will surpass $175,000 this year.

Let‚Äôs go üöÄ https://t.co/I1xsaGNcC4",en,Twitter for iPhone,http://twitter.com/download/iphone,26598,EnabledWithCount,92,95,551,3,14,2017756951002661180,False,False,,,,,1919644382916956160,TrendingBitcoin,Trending Bitcoin,69489,0,False,True,,,,2,photo,"https://pbs.twimg.com/media/HACDP8xXAAAz0kj.jpg,https://pbs.twimg.com/media/HACDP9rXwAAhVpG.jpg",https://x.com/TrendingBitcoin/status/2017756951002661180/photo/1,
2018799085944504826,https://x.com/Birdyword/status/2018799085944504826,Tue Feb 03 21:29:44 +0000 2026,5-year returns to the S&amp;P 500 are getting very close to beating the 5-year returns of bitcoin for the first time since early 2023 https://t.co/ucIFOnsKKK,en,Twitter Web App,https://mobile.twitter.com,1368893,EnabledWithCount,42,182,2074,61,281,2018799085944504826,False,False,,,,,138141969,Birdyword,Mike Bird,104117,2263,False,True,,,,1,photo,https://pbs.twimg.com/media/HAQ25GtXoAAVksx.png,https://x.com/Birdyword/status/2018799085944504826/photo/1,
2019036034361647438,https://x.com/Bitcoin_Teddy/status/2019036034361647438,Wed Feb 04 13:11:17 +0000 2026,"The uncle I convinced to buy Bitcoin at $126,000 https://t.co/tPxNgTTyXm",en,Twitter Web App,https://mobile.twitter.com,1743495,EnabledWithCount,537,3145,43028,314,2634,2019036034361647438,False,False,,,,,1605310254085980161,Bitcoin_Teddy,Bitcoin Teddy,74444,15097,False,True,,,,1,video,https://pbs.twimg.com/amplify_video_thumb/2019035776680415232/img/86HKuDWh2z1LpXP5.jpg,https://x.com/Bitcoin_Teddy/status/2019036034361647438/video/1,https://video.twimg.com/amplify_video/2019035776680415232/vid/avc1/598x296/FNUzKfqOhh-hLr-Y.mp4?tag=21
2019101296733860273,https://x.com/CryptoBoomNews/status/2019101296733860273,Wed Feb 04 17:30:36 +0000 2026,Bitcoin performance in 2026 so far https://t.co/GuNhBEoPLB,en,Twitter Web App,https://mobile.twitter.com,716852,EnabledWithCount,108,677,4461,87,540,2019101296733860273,False,False,,,,,241664456,CryptoBoomNews,BOOM X,490941,1168,False,True,,,,1,video,https://pbs.twimg.com/amplify_video_thumb/2019101069620449281/img/n30OA101USIKsGEL.jpg,https://x.com/CryptoBoomNews/status/2019101296733860273/video/1,https://video.twimg.com/amplify_video/2019101069620449281/vid/avc1/720x720/C1gxIqVxNwAiQ0_V.mp4?tag=21
2019055344782045653,https://x.com/alifarhat79/status/2019055344782045653,Wed Feb 04 14:28:01 +0000 2026,When you‚Äôve been buying bitcoin to opt out of the system but discover that Satoshi Nakamoto is Jeffrey Epstein https://t.co/8cna8Gc7kg,en,Twitter for iPhone,http://twitter.com/download/iphone,1337462,EnabledWithCount,467,3790,38164,269,3122,2019055344782045653,False,False,,,,,105852422,alifarhat79,Not Jerome Powell,753139,642,False,True,,,,1,video,https://pbs.twimg.com/amplify_video_thumb/2019055143098961920/img/WQX7fkgFzFeoMKOo.jpg,https://x.com/alifarhat79/status/2019055344782045653/video/1,https://video.twimg.com/amplify_video/2019055143098961920/vid/avc1/2508x1494/Bj9lNscDv3Signq6.mp4?tag=21
2019263285795910124,https://x.com/Vivek4real_/status/2019263285795910124,Thu Feb 05 04:14:18 +0000 2026,"I AM NOT SELLING MY BITCOIN 
TO BLACKROCK. 

I AM NOT SELLING MY BITCOIN 
TO SAYLOR. 

I AM NOT SELLING MY BITCOIN 
TO INSTITUTIONS.

I AM NOT SELLING MY BITCOIN 
TO COUNTRIES.

I‚ÄôM BUYING MORE BITCOIN
 https://t.co/dp6s8Aq98N",en,Twitter for iPhone,http://twitter.com/download/iphone,60895,EnabledWithCount,442,423,2719,24,90,2019263285795910124,False,False,,,,,851277718368829443,Vivek4real_,Vivek Sen,248959,994,False,True,,,,1,animated_gif,https://pbs.twimg.com/tweet_video_thumb/GmK2iOzbMAAcigO.jpg,https://x.com/YUDHO_XYZ/status/1901282705725390984/photo/1,https://video.twimg.com/tweet_video/GmK2iOzbMAAcigO.mp4
2019070543345881185,https://x.com/matthew_sigel/status/2019070543345881185,Wed Feb 04 15:28:24 +0000 2026,"""Bitcoin is just open-source software""

The software --&gt; https://t.co/SIK8cT8oyN",en,Twitter Web App,https://mobile.twitter.com,64215,EnabledWithCount,45,70,590,10,84,2019070543345881185,False,False,,,,,886396943982899201,matthew_sigel,"matthew sigel, recovering CFA",57392,1810,False,True,,,,1,photo,https://pbs.twimg.com/media/HAUt7bTWwAAydcd.jpg,https://x.com/matthew_sigel/status/2019070543345881185/photo/1,
2018815527028920374,https://x.com/Scavacini777/status/2018815527028920374,Tue Feb 03 22:35:04 +0000 2026,"I've said this at 20k

I'll say it again

I'm buying Bitcoin,
And HODL'ing forever,
FOREVER.

This is why it isn't going to 0

There are millions like me",en,Twitter for iPhone,http://twitter.com/download/iphone,34625,EnabledWithCount,250,113,1812,10,20,2018815527028920374,,False,,,,,1521308796638961665,Scavacini777,‚ÇøTC-GUSüß°,24519,6513,False,True,,,,,,,,
2019095354860532107,https://x.com/TrendingBitcoin/status/2019095354860532107,Wed Feb 04 17:07:00 +0000 2026,"RAOUL PAL: 

""THE 4-YEAR CYCLE IS NOW THE 5-YEAR CYCLE.. BITCOIN SHOULD PEAK IN 2026. PROBABLY Q2."" https://t.co/iiyChRfpbk",en,Twitter Web App,https://mobile.twitter.com,246522,EnabledWithCount,516,212,1972,41,502,2019095354860532107,False,False,,,,,1919644382916956160,TrendingBitcoin,Trending Bitcoin,69489,0,False,True,,,,1,video,https://pbs.twimg.com/amplify_video_thumb/2019016688881020928/img/AnUCaeQ0JUcKGxZY.jpg,https://x.com/TrendingBitcoin/status/2019095354860532107/video/1,https://video.twimg.com/amplify_video/2019016688881020928/vid/avc1/1920x1080/uGU9lBro1z7nCzTV.mp4?tag=21
2018898809724731561,https://x.com/BitcoinSapiens/status/2018898809724731561,Wed Feb 04 04:06:00 +0000 2026,"Bitcoin has never fallen below its electrical cost.  

Today that floor is $71,000. https://t.co/VWCiA8r0NT",en,Twitter Web App,https://mobile.twitter.com,1428747,EnabledWithCount,721,1007,11214,171,1744,2018898809724731561,False,False,,,,,1333823429041074181,BitcoinSapiens,BitcoinSapiens ‚ö°Ô∏è,71854,992,False,True,,,,1,photo,https://pbs.twimg.com/media/HARfPxlW8AIzR2o.png,https://x.com/BitcoinSapiens/status/2018898809724731561/photo/1,
2019110706369491367,https://x.com/MissionGains/status/2019110706369491367,Wed Feb 04 18:08:00 +0000 2026,"Dan Pena was right when he said 

""if we know who created bitcoin it would go to zero"" https://t.co/pD7TB6VnL4",en,Twitter Web App,https://mobile.twitter.com,8176462,EnabledWithCount,1405,6969,92672,399,5784,2019110706369491367,False,False,,,,,1553134984998821888,MissionGains,Gains,20303,1863,False,True,,,,1,photo,https://pbs.twimg.com/media/HAVSWD7WMAAMm5f.jpg,https://x.com/MissionGains/status/2019110706369491367/photo/1,
2019172869104889914,https://x.com/ki_young_ju/status/2019172869104889914,Wed Feb 04 22:15:01 +0000 2026,Every Bitcoin analyst is now bearish. https://t.co/eGjQqMkiqW,en,Twitter Web App,https://mobile.twitter.com,287147,EnabledWithCount,174,100,1296,50,105,2019172869104889914,False,False,,,,,302505363,ki_young_ju,Ki Young Ju,425809,2689,False,True,,,,1,photo,https://pbs.twimg.com/media/HAWJ6uPXwAAnou-.jpg,https://x.com/ki_young_ju/status/2019172869104889914/photo/1,
2019102926828974128,https://x.com/Nouriel/status/2019102926828974128,Wed Feb 04 17:37:05 +0000 2026,"The Coming Crypto Apocalypse 

By @Nouriel Roubini 

The future of money and payments will feature gradual evolution, not the revolution that crypto-grifters promised. Bitcoin and other cryptocurrencies‚Äô latest plunge further underscores the highly volatile nature of this pseudo-asset class; one only hopes that policymakers will wake up to the risks before it's too late.

NEW YORK ‚Äì A year ago, the most pro-crypto president in US history had just returned to power after a campaign of pandering to clueless retail crypto investors, and having received massive financial backing from semi-corrupt crypto insiders. Donald Trump‚Äôs second coming was supposed to be a new dawn for crypto, leading various self-dealing evangelists to predict that Bitcoin would become ‚Äúdigital gold,‚Äù reaching at least $200,000 by the end of 2025. 

As promised, Trump did gut most crypto regulations. He also signed the Guiding and Establishing National Innovation for US Stable Coins (GENIUS) Act; pushed for the Digital Asset Market Clarity (CLARITY) Act; profited personally from shady domestic and foreign crypto deals ; promoted his own useless meme coin; pardoned crypto crooks who had allegedly aided terrorist organizations; and hosted private dinners for crypto insiders at the White House. 

Moreover, crypto was supposed to benefit from various macro and geopolitical risks, such as the ballooning of US and other advanced economies‚Äô debt and deficits; the debasement of the dollar and other fiat currencies; new trade wars; and growing tensions between the US and Iran, China, and many others. Indeed, the heightened risk environment helps to explain why gold rose by 60% in 2025. 

But ‚Äúdigital gold‚Äù fell by 7% in 2025. As of this writing, Bitcoin is down 35% from its October peak, below where it was when Trump was elected, and the $TRUMP and $MELANIA meme coins are down 95%. Every time gold has spiked in response to trade or geopolitical ructions over the past year, Bitcoin has fallen sharply. Far from being a hedge, it is a means of leveraging into risk, showing a strong correlation to other risky assets like speculative stocks. 

Calling Bitcoin or any other crypto vehicle a ‚Äúcurrency‚Äù has always been bogus. It is neither a unit of account, a scalable means of payment, nor a stable store of value. Even though El Salvador made Bitcoin legal tender, it accounts for less than 5% of transactions for goods and services. Crypto isn‚Äôt even an asset, because it has no income stream or function, nor any industrial or real-world use (unlike gold and silver). 

Seventeen years after Bitcoin‚Äôs launch, the one and only ‚Äúkiller app‚Äù in crypto is the stablecoin: a digital version of old-fashioned fiat money, which the financial and banking industry already digitalized decades ago. Yes, whether digital money and financial services should be on a blockchain (distributed ledger) or a traditional double-ledger platform remains a question. ¬†

But 95% ¬†of ‚Äúblockchain‚Äù monies and digital services are blockchain in name only. They are private rather than public, centralized rather than decentralized, permissioned rather than permissionless, and validated by a small group of trusted authenticators (as in traditional digital finance and banking) rather than by decentralized agents in jurisdictions with no rule of law.",en,Twitter for iPhone,http://twitter.com/download/iphone,304620,EnabledWithCount,87,137,608,52,374,2019102926828974128,,False,,,,,19224439,Nouriel,Nouriel Roubini,584061,865,False,True,,Nouriel,,,,,,
2019111741238759775,https://x.com/CoinDesk/status/2019111741238759775,Wed Feb 04 18:12:07 +0000 2026,"Insight: Bitcoin's supply in profit vs loss metric nearing convergence, an onchain signal that's marked cycle bottoms in 2015, 2019, 2020, and 2022.

(h/t @glassnode) https://t.co/eKCbiPPA8f",en,Twitter Web App,https://mobile.twitter.com,38755,EnabledWithCount,47,67,336,11,91,2019111741238759775,False,False,,,,,1333467482,CoinDesk,CoinDesk,3489608,1770,False,True,,glassnode,,1,photo,https://pbs.twimg.com/media/HAVTS3NW8AIrLOD.png,https://x.com/CoinDesk/status/2019111741238759775/photo/1,
2019103911320174897,https://x.com/misterrcrypto/status/2019103911320174897,Wed Feb 04 17:41:00 +0000 2026,"Bitcoin history is repeating.

Do you understand? https://t.co/xrFo7qzXay",en,Twitter Web App,https://mobile.twitter.com,26260,EnabledWithCount,68,67,386,1,30,2019103911320174897,False,False,,,,,1371883902265069569,misterrcrypto,Mister Crypto,143077,396,False,True,,,,1,photo,https://pbs.twimg.com/media/HAUMlvrXkAA69TK.jpg,https://x.com/misterrcrypto/status/2019103911320174897/photo/1,
2018766208158331006,https://x.com/GoUncensored/status/2018766208158331006,Tue Feb 03 19:19:05 +0000 2026,There's a quite large chance bitcoin becomes the largest ponzi scheme of all time.,en,Twitter Web App,https://mobile.twitter.com,89733,EnabledWithCount,250,277,2956,46,73,2018766208158331006,,False,,,,,1951359675951116289,GoUncensored,Uncensored.AI,37953,647,False,True,,,,,,,,
2019105555760267595,https://x.com/alifarhat79/status/2019105555760267595,Wed Feb 04 17:47:32 +0000 2026,"Checking on the guys I told to buy bitcoin at $126,000 https://t.co/K9WO9QD0ID",en,Twitter for iPhone,http://twitter.com/download/iphone,731098,EnabledWithCount,160,1212,22980,73,1094,2019105555760267595,False,False,,,,,105852422,alifarhat79,Not Jerome Powell,753139,642,False,True,,,,1,video,https://pbs.twimg.com/amplify_video_thumb/2000636906153869339/img/d1x1vfOl9D7p0AK3.jpg,https://x.com/0xSweep/status/2000636969102246254/video/1,https://video.twimg.com/amplify_video/2000636906153869339/vid/avc1/1280x720/HhtWtJOy_m0jNdsk.mp4?tag=21
2018811097839800705,https://x.com/Mrcryptoxwhale/status/2018811097839800705,Tue Feb 03 22:17:28 +0000 2026,"I‚Äôm beginning to believe Bitcoin might eventually lose all its value. 

Right now, I can‚Äôt see a convincing case for anyone to keep holding it.",en,Twitter for iPhone,http://twitter.com/download/iphone,221242,EnabledWithCount,445,168,2043,39,70,2018811097839800705,,False,,,,,1402199829321814017,Mrcryptoxwhale,Mr. Crypto Whale üêã,526203,38,False,True,,,,,,,,
2019858394426007737,https://x.com/Bitcoin_Teddy/status/2019858394426007737,Fri Feb 06 19:39:03 +0000 2026,"HOT TAKE: If businesses only have to pay taxes on profit, not revenue, then I should only have to pay taxes after I‚Äôve paid all my bills and rent. https://t.co/ZzuLf1y35g",en,Twitter for iPhone,http://twitter.com/download/iphone,764482,EnabledWithCount,449,1750,26372,66,659,2019858394426007737,False,False,,,,,1605310254085980161,Bitcoin_Teddy,Bitcoin Teddy,74444,15097,False,True,,,,1,video,https://pbs.twimg.com/amplify_video_thumb/2019858330424930304/img/Da15S2fBsTACcLju.jpg,https://x.com/Bitcoin_Teddy/status/2019858394426007737/video/1,https://video.twimg.com/amplify_video/2019858330424930304/vid/avc1/1280x720/jaM5nyqol3y2eMse.mp4?tag=21
2019888985795895644,https://x.com/WalterMaciel15/status/2019888985795895644,Fri Feb 06 21:40:36 +0000 2026,"Nunca comprei, nunca vendi e nunca ‚Äúoperei‚Äù Bitcoin.

N√£o por preconceito. Por m√©todo. Em 15 anos, a tese mudou v√°rias vezes. Moeda, ouro digital, prote√ß√£o contra infla√ß√£o.

Nenhuma se sustentou nos fatos. N√£o gera caixa, n√£o produz nada, n√£o tem lastro f√≠sico, n√£o remunera o capital. Pela l√≥gica cl√°ssica de valuation, vale zero.

O que ele faz bem √© outra coisa. E isso est√° documentado, n√£o √© opini√£o. A contradi√ß√£o final √© simples: se o Estado adota, deixa de ser descentralizado; se regula, deixa de ser livre.

Ele s√≥ funciona plenamente onde n√£o h√° regra. Respeito quem acredita. H√° gente brilhante ali dentro. Mas f√© n√£o √© tese de investimento.

Mercado financeiro n√£o √© lugar de cren√ßa. √â lugar de ceticismo.",pt,Twitter for iPhone,http://twitter.com/download/iphone,128385,EnabledWithCount,376,84,931,50,228,2019888985795895644,False,False,,,,,721887331586863104,WalterMaciel15,Walter Maciel,10489,653,False,True,,,,1,video,https://pbs.twimg.com/amplify_video_thumb/2019888651086270464/img/fpsRNKWBZgo9_s5K.jpg,https://x.com/WalterMaciel15/status/2019888985795895644/video/1,https://video.twimg.com/amplify_video/2019888651086270464/vid/avc1/2160x3840/JIP-h9-aumFiNQcv.mp4?tag=21
2020028133139968243,https://x.com/MakeGoldGreat/status/2020028133139968243,Sat Feb 07 06:53:31 +0000 2026,"The more I study Bitcoin,

The more Silver I buy. https://t.co/Va4yLDgSZq",en,Twitter for iPhone,http://twitter.com/download/iphone,23876,EnabledWithCount,113,120,1418,4,16,2020028133139968243,False,False,,,,,1758667355616575488,MakeGoldGreat,Make Gold Great,33909,801,False,True,,,,1,photo,https://pbs.twimg.com/media/HAiU4G7aUAAYVgX.jpg,https://x.com/MakeGoldGreat/status/2020028133139968243/photo/1,
2020257326767489167,https://x.com/_Shadow36/status/2020257326767489167,Sat Feb 07 22:04:15 +0000 2026,"If you are in $bitcoin , pivot to $buttcoin https://t.co/v7apxIvKQV",en,Twitter for iPhone,http://twitter.com/download/iphone,8798,EnabledWithCount,61,31,228,3,2,2020257326767489167,False,False,,,,,1729864554296029184,_Shadow36,Shadow,161606,1002,False,True,,,,1,animated_gif,https://pbs.twimg.com/tweet_video_thumb/HAllVHiWEAArf8A.jpg,https://x.com/_Shadow36/status/2020257326767489167/photo/1,https://video.twimg.com/tweet_video/HAllVHiWEAArf8A.mp4
2019888700855886104,https://x.com/Based1717/status/2019888700855886104,Fri Feb 06 21:39:28 +0000 2026,"Mutants, time travel, Biden‚Äôs body double, bitcoin, and Disney... 

Epstein was into a lot, wasn‚Äôt he? https://t.co/M3zBDfMohQ",en,Twitter for iPhone,http://twitter.com/download/iphone,22126,EnabledWithCount,81,1944,4270,49,1523,2019888700855886104,False,False,,,,,1498446111303999491,Based1717,üí´‚ú®FOXX‚ú®üí´,63527,26802,False,True,,,,1,video,https://pbs.twimg.com/amplify_video_thumb/2019888606869958656/img/1bUYikT3JCxQlRLH.jpg,https://x.com/Based1717/status/2019888700855886104/video/1,https://video.twimg.com/amplify_video/2019888606869958656/vid/avc1/576x1024/YBuEKGbGVXaITP0U.mp4?tag=21
2019790512845168768,https://x.com/cryptorover/status/2019790512845168768,Fri Feb 06 15:09:18 +0000 2026,BULLISH: üá∫üá∏ Eric Trump says gold profits will start to rotate into Bitcoin soon. https://t.co/nooZdZGdgw,en,Twitter Web App,https://mobile.twitter.com,156146,EnabledWithCount,303,237,2424,22,38,2019790512845168768,False,False,,,,,1353384573435056128,cryptorover,Crypto Rover,1537467,546,False,True,,,,3,photo,"https://pbs.twimg.com/media/HAe8vO1XYAAr4SW.jpg,https://pbs.twimg.com/media/HAe8viCXcAAWFtd.jpg,https://pbs.twimg.com/media/HAe8wDrXMAA8lbp.jpg",https://x.com/cryptorover/status/2019790512845168768/photo/1,
2020070782055972951,https://x.com/misterrcrypto/status/2020070782055972951,Sat Feb 07 09:43:00 +0000 2026,"Bitcoin search interest has gone up drastically in the past 90 days.

Bullish signal! https://t.co/8Tco310yeN",en,Twitter Web App,https://mobile.twitter.com,13017,EnabledWithCount,34,31,234,1,3,2020070782055972951,False,False,,,,,1371883902265069569,misterrcrypto,Mister Crypto,143077,396,False,True,,,,2,photo,"https://pbs.twimg.com/media/HAihSHNXEAAptsX.jpg,https://pbs.twimg.com/media/HAihSHNWUAEeSKT.jpg",https://x.com/misterrcrypto/status/2020070782055972951/photo/1,
2019804462748246192,https://x.com/BitcoinSapiens/status/2019804462748246192,Fri Feb 06 16:04:44 +0000 2026,https://t.co/4ZKBDs4Ef3,zxx,Twitter Web App,https://mobile.twitter.com,599554,EnabledWithCount,82,750,27025,9,542,2019804462748246192,False,False,,,,,1333823429041074181,BitcoinSapiens,BitcoinSapiens ‚ö°Ô∏è,71854,992,False,True,,,,1,photo,https://pbs.twimg.com/media/HAfJcunXMAAKVGH.jpg,https://x.com/BitcoinSapiens/status/2019804462748246192/photo/1,
2020235422371303897,https://x.com/BitcoinJunkies/status/2020235422371303897,Sat Feb 07 20:37:13 +0000 2026,"You have $100,000 to invest in only one asset and must hold it until 2030. What are you choosing?

Gold
Silver
Bitcoin
Tesla https://t.co/MnyWOIpB8f",en,Twitter for iPhone,http://twitter.com/download/iphone,64861,EnabledWithCount,482,151,792,18,34,2020235422371303897,False,False,,,,,1940935795759849472,BitcoinJunkies,Bitcoin Junkies,47671,35,False,True,,,,4,photo,"https://pbs.twimg.com/media/HAlRaM8WMAAaRgr.jpg,https://pbs.twimg.com/media/HAlRaM7XkAAeFG1.jpg,https://pbs.twimg.com/media/HAlRaM6WoAApENZ.jpg,https://pbs.twimg.com/media/HAlRaM-X0AA6ZHv.jpg",https://x.com/BitcoinJunkies/status/2020235422371303897/photo/1,
2019989294145024387,https://x.com/barkmeta/status/2019989294145024387,Sat Feb 07 04:19:11 +0000 2026,when you bought Bitcoin to hedge against 3% inflation and lost 40% instead https://t.co/MhDclF6eBw,en,Twitter for iPhone,http://twitter.com/download/iphone,28256,EnabledWithCount,110,48,871,15,56,2019989294145024387,False,False,,,,,336348053,barkmeta,Bark,280327,14180,False,True,,,,1,video,https://pbs.twimg.com/amplify_video_thumb/2019989239782318081/img/CQRF6O1esJ3DHXU4.jpg,https://x.com/barkmeta/status/2019989294145024387/video/1,https://video.twimg.com/amplify_video/2019989239782318081/vid/avc1/1320x812/17NDuNRYYfbixki4.mp4?tag=21
2020000318130438277,https://x.com/Bitcoin_Teddy/status/2020000318130438277,Sat Feb 07 05:03:00 +0000 2026,"At 20 I thought:
- The $8,000 Rolex was cool
- The $70,000 Mercedes was cool
- The giant yacht party was cool

At 25 I now realize:
- 1 whole Bitcoin is cooler
- Gym at 10am on a Tuesday is cooler
- Having a relationship with God is cooler

Success looks different with age. https://t.co/pkbgvhfoAk",en,Twitter Web App,https://mobile.twitter.com,1165450,EnabledWithCount,207,629,15943,26,1292,2020000318130438277,False,False,,,,,1605310254085980161,Bitcoin_Teddy,Bitcoin Teddy,74444,15097,False,True,,,,1,video,https://pbs.twimg.com/amplify_video_thumb/2019890393874059264/img/iKH-uMcVJga7t46S.jpg,https://x.com/Bitcoin_Teddy/status/2020000318130438277/video/1,https://video.twimg.com/amplify_video/2019890393874059264/vid/avc1/1280x720/tDYcZsL4Z_YoKkoy.mp4?tag=21
2019816695028912454,https://x.com/Jihooncrypto/status/2019816695028912454,Fri Feb 06 16:53:21 +0000 2026,"I promised, if #Bitcoin pumps back to $70,000.
We will give $10,000 $BTC to 5 people

So as promised I will be giving away
$10,000 to 5 person today.

Rules: like, retweet, follow me

‚Ä¢‚Å† ‚Å†If you‚Äôre not following, you will be disqualified.

Proof will be posted in 24 hours https://t.co/BYQ3sWjWC3",en,Twitter Web App,https://mobile.twitter.com,136040,EnabledWithCount,461,978,1397,13,81,2019816695028912454,False,False,,,,,3846842218,Jihooncrypto,Dr. JiHoon Park | IQ 312,28924,266,False,True,Bitcoin,,,1,photo,https://pbs.twimg.com/media/HAfUjscWkAAZRWH.jpg,https://x.com/Jihooncrypto/status/2019816695028912454/photo/1,
2020187545460785406,https://x.com/CryptoXLARG/status/2020187545460785406,Sat Feb 07 17:26:58 +0000 2026,"So, is this the #Bitcoin wallet of Jeffrey Epstein ? https://t.co/VkCgwzIOXa",en,Twitter for iPhone,http://twitter.com/download/iphone,32620,EnabledWithCount,43,32,381,0,0,2020187545460785406,False,False,,,,,1602209694575202306,CryptoXLARG,ùêÇùê´ùê≤ùê©ùê≠ùê®ùêóùêãùêÄùêëùêÜùêÑ,49130,246,False,True,Bitcoin,,,1,photo,https://pbs.twimg.com/media/HAkl3NqW4AAGVGR.jpg,https://x.com/CryptoXLARG/status/2020187545460785406/photo/1,
2020227389746294986,https://x.com/digijordan/status/2020227389746294986,Sat Feb 07 20:05:18 +0000 2026,"Craziest story ever üëá 

Did Bitcoin come from a video game?

In 1991 the game Space Quest 4 was created by Rod Nakamoto and Satoshi Uesaka. 

(The mysterious creator of Bitcoin‚Äôs name is Satoshi Nakamoto)

In this game, which is about time travel, they use a digital coin called ‚ÄòBuckazoids‚Äô

Its logo looks almost identical to the Bitcoin logo. 

A man named Hal Finney, a cryptographer, cypherpunk and video game developer‚Ä¶reportedly consulted on this game. 

Hal Finney was the very FIRST person to ever receive Bitcoin. 

He has passed away and his body is held in a cryochamber awaiting a cure for ALS. 

Bitcoin is also kept in ‚Äòcold storage‚Äô. 

So‚Ä¶did Hal Finney steal the idea and logo for Bitcoin from Space Quest 4‚Ä¶and create a fake identity by simply mashing up the two top developers names? 

ü§î",en,Twitter for iPhone,http://twitter.com/download/iphone,163752,EnabledWithCount,141,256,1256,44,915,2020227389746294986,False,False,,,,,390188598,digijordan,Jordan Crowder,69047,1229,False,True,,,,1,photo,https://pbs.twimg.com/media/HAlKFPyWEAAZI7x.jpg,https://x.com/digijordan/status/2020227389746294986/photo/1,
2020125695364530600,https://x.com/Xavianmel/status/2020125695364530600,Sat Feb 07 13:21:12 +0000 2026,"#Bitcoin Finally back to $70,000 !

As promised,
I want to change someone's life and send 1 $BTC (~$70,000) to one person by tomorrow.

Just like, retweet and comment 'done'.
Random winner in 15 hrs https://t.co/zkKx8GhlVG",en,Twitter for Android,http://twitter.com/download/android,18335,EnabledWithCount,176,165,212,3,10,2020125695364530600,False,False,,,,,1848350443543408640,Xavianmel,Xavian,38233,98,False,True,Bitcoin,,,1,photo,https://pbs.twimg.com/media/HAjtmfva8AArfMg.jpg,https://x.com/Xavianmel/status/2020125695364530600/photo/1,
2020105263924277715,https://x.com/MerlijnTrader/status/2020105263924277715,Sat Feb 07 12:00:01 +0000 2026,"BITCOIN SUPPORT MATH (NO HOPIUM):

$126K high √ó 0.382 was $78K
That was the key drift zone.

Once lost‚Ä¶

Next major Fib magnet becomes:

0.618 retrace is $48K

Is that rational?
Probably not.

But technicals don‚Äôt care about what ‚Äúfeels right.‚Äù

That‚Äôs why risk management matters.",en,Twitter Web Client,http://twitter.com,80629,EnabledWithCount,54,38,350,3,120,2020105263924277715,False,False,,,,,1288690988307947521,MerlijnTrader,Merlijn The Trader,419198,229,False,True,,,,1,video,https://pbs.twimg.com/amplify_video_thumb/2019899576266661888/img/7S6liU6uJW5rZ6eY.jpg,https://x.com/MerlijnTrader/status/2020105263924277715/video/1,https://video.twimg.com/amplify_video/2019899576266661888/vid/avc1/3840x2160/_0QDyV4W9DUztkPJ.mp4?tag=21
2020150565356122331,https://x.com/voided/status/2020150565356122331,Sat Feb 07 15:00:02 +0000 2026,"Bought Bitcoin at $125k
Sold at $82k

Bought silver that day at $119
It dumped 32% immediately the same day. 

Me realizing I am the exit liquidity üò≠: https://t.co/rq5tg4HAVZ",en,Twitter Web App,https://mobile.twitter.com,9083,EnabledWithCount,178,28,318,0,7,2020150565356122331,False,False,,,,,1468855558249844736,voided,voided,86785,6714,False,True,,,,1,video,https://pbs.twimg.com/amplify_video_thumb/2020004242530975744/img/rFfQSgN_RQa_A3oP.jpg,https://x.com/voided/status/2020150565356122331/video/1,https://video.twimg.com/amplify_video/2020004242530975744/vid/avc1/1280x640/DeFBYaWUWdyqHp6H.mp4?tag=21
2020257764254359933,https://x.com/Bitcoin_Teddy/status/2020257764254359933,Sat Feb 07 22:06:00 +0000 2026,"50% profit on $1,000 is $500
5% profit on $100,000 is $5,000

Chase bigger capital not bigger returns . https://t.co/1r1qazWGp7",en,Twitter Web App,https://mobile.twitter.com,241555,EnabledWithCount,51,66,1941,8,226,2020257764254359933,False,False,,,,,1605310254085980161,Bitcoin_Teddy,Bitcoin Teddy,74444,15097,False,True,,,,1,video,https://pbs.twimg.com/amplify_video_thumb/2020105849214042112/img/lmFLw3Lyr0RQ-oa2.jpg,https://x.com/Bitcoin_Teddy/status/2020257764254359933/video/1,https://video.twimg.com/amplify_video/2020105849214042112/vid/avc1/1920x1080/sElsOddile065_HU.mp4?tag=21
